Data,Custo Combustível,Custo Manutenção,Custo Motorista,Custo Total,KM Percorridos,Entregas,Peso (ton),Frete,Margem,Margem %,Custo/KM,Entregas/Dia,KM/Entrega,Mês
2024-01-01,949.816047538945,404.5369595443751,656.092310271138,2010.445317354458,10334.49420183801,120,60.79536830734704,2725.888543691984,715.4432263375261,26.24623915725179,0.19453736952089018,120,86.12078501531674,2024-01
2024-01-02,1180.2857225639664,400.60651787487984,731.6955175206917,2312.587757959538,10787.180855136603,82,82.31226460095246,3990.9609814085143,1678.3732234489762,42.05436312876791,0.214382959645878,82,131.55098603825127,2024-01
2024-01-03,1092.797576724562,519.3180715867101,656.049050333598,2268.1646986448704,11761.76922056546,85,71.43824091029725,2892.7047023952846,624.5400037504141,21.59017487105642,0.19284213591599664,85,138.37375553606424,2024-01
2024-01-04,1039.4633936788146,459.98557231110607,755.654450095562,2255.1034160854824,14438.989314889324,84,76.76751493328763,2667.1390989444008,412.03568285891834,15.448601200514576,0.15618152814615943,84,171.8927299391586,2024-01
2024-01-05,862.4074561769746,480.7867509030813,665.5720516323456,2008.7662587124016,10424.421960561729,84,78.386194403339,3160.9500134333493,1152.1837547209477,36.45055283457244,0.19269809552146694,84,124.10026143525867,2024-01
2024-01-06,862.397808134481,518.3170677744404,668.2813914606159,2048.9962673695372,10428.672413273594,133,65.24224409465089,2177.534788215537,128.53852084599976,5.902937649567265,0.19647719155139812,133,78.41107077649319,2024-01
2024-01-07,823.2334448672798,556.0021367270265,762.9960807975035,2142.2316623918096,13162.508736768239,126,67.16502616816442,3923.331471909626,1781.0998095178165,45.39763775429588,0.16275253488779728,126,104.46435505371618,2024-01
2024-01-08,1146.470458309974,335.1980627406143,621.0448598637191,2102.7133809143074,11165.52558622865,128,65.69979339043624,3269.9200911820662,1167.2067102677588,35.695267092775254,0.1883219347513524,128,87.23066864241133,2024-01
2024-01-09,1040.4460046972836,350.23318105597764,540.2045685351923,1930.8837542884535,9572.233760579873,88,69.40291890450396,3509.6756398816956,1578.7918855932421,44.98398278327681,0.20171715428013984,88,108.7753836429531,2024-01
2024-01-10,1083.2290311184183,237.5927759363476,508.63480289400167,1829.4566099487677,11167.076612928853,99,41.46972228782536,2340.9558763478353,511.49926639906766,21.85001740387633,0.16382592090670234,99,112.79875366594801,2024-01
2024-01-11,808.233797718321,431.3120563984696,726.5411767020857,1966.0870308188762,8985.999142658598,140,59.77575849245076,2818.955706010408,852.8686751915318,30.25477389989124,0.21879448235037216,140,64.18570816184713,2024-01
2024-01-12,1187.9639408647977,214.37690951869683,686.0928654060394,2088.433715789534,9234.708905543563,114,70.30943567805858,2845.378226792379,756.944511002845,26.602597288310438,0.22615046528817542,114,81.00621846968038,2024-01
2024-01-13,1132.9770563201687,386.2392072529841,711.223930429767,2230.44019400292,11488.574409176359,129,69.88617826279321,3643.6128878021736,1413.1726937992535,38.7849296101178,0.19414420924334905,129,89.05871635020434,2024-01
2024-01-14,884.9356442713105,417.05785388303065,563.8892484526732,1865.8827466070143,10932.478146531836,141,79.64780473028158,2002.4733595188188,136.59061291180456,6.821095135299397,0.17067335709232015,141,77.53530600377188,2024-01
2024-01-15,872.7299868828402,314.61650085131373,540.9114426760309,1728.2579304101848,14403.9213074767,96,72.75046694160542,2601.70621670651,873.4482862963253,33.572133574790016,0.11998523829154019,96,150.04084695288228,2024-01
2024-01-16,873.3618039413735,436.3333042276043,504.3633997003646,1814.0585078693425,10536.757293816432,82,89.60666581703362,3962.4727486886077,2148.414240819265,54.21902880039463,0.1721647806136652,82,128.49704016849307,2024-01
2024-01-17,921.696897183815,212.20009997561976,605.176267641979,1739.0732648014136,12064.118451946304,111,54.19272643043225,2949.7730870124374,1210.6998222110237,41.04382901659849,0.14415253561447328,111,108.68575181933608,2024-01
2024-01-18,1009.9025726528952,214.93927549968578,676.9753060563899,1901.8171542089708,12425.850015436714,92,57.957551483311576,2765.0525604880168,863.235406279046,31.21949356820507,0.1530532842297574,92,135.0635871243121,2024-01
2024-01-19,972.7780074568464,529.0402242638634,617.6732135299197,2119.4914452506296,8091.661196118335,147,59.192357593389815,2239.658004035293,120.16655878466327,5.3653976887611305,0.2619352681582089,147,55.045314259308405,2024-01
2024-01-20,916.4916560792168,344.0762565645051,631.2424766071188,1891.8103892508407,12644.761604116975,93,63.29064035101243,3948.3292572560313,2056.5188680051906,52.08579968921864,0.14961218316958155,93,135.9651785388922,2024-01
2024-01-21,1044.7411578889519,250.8242050607539,771.2476083481245,2066.8129712978302,9246.25176808826,90,81.79990318906047,2040.0527118516488,-26.760259446181408,-1.3117435295038296,0.22352981761009968,90,102.73613075653621,2024-01
2024-01-22,855.7975442608167,408.89730402192174,604.4766401069901,1869.1714883897284,14727.492222286186,135,51.78960469796049,3474.3604500144866,1605.1889616247581,46.20099108076323,0.12691716010966408,135,109.09253497989768,2024-01
2024-01-23,916.8578594140872,507.99742123944435,654.1968467479433,2079.0521274014745,9040.639094271792,146,78.80001035177148,3537.199609577017,1458.1474821755423,41.22321732218865,0.22996738457558555,146,61.922185577204054,2024-01
2024-01-24,946.5447373174767,286.32841099873724,735.095903822343,1967.969052138557,10902.368866089166,108,60.26550915428717,2487.3134321277334,519.3443799891766,20.87973205471381,0.18050839008573147,108,100.94785987119597,2024-01
2024-01-25,982.4279936868144,449.15619032760014,618.962834696381,2050.5470187107953,8597.447676550508,88,70.09276918310043,3343.1168872260746,1292.5698685152793,38.663615784842605,0.23850648423294873,88,97.69826905171031,2024-01
2024-01-26,1114.0703845572054,234.1389859975072,686.626010068362,2034.8353806230748,14978.119762921631,146,71.62702666131531,2185.85828875878,151.02290813570517,6.909089619961693,0.13585385968540017,146,102.58986138987419,2024-01
2024-01-27,879.8695128633439,220.6726884674431,758.7091126240235,1859.2513139548105,11515.365072318698,104,58.642431859446724,2514.0945328641596,654.8432189093492,26.04688130654041,0.1614583039511432,104,110.72466415691056,2024-01
2024-01-28,1005.6937753654447,412.54185262725923,784.8561870972926,2203.0918150899965,12167.695121240307,121,65.63076026029026,3575.8039765845297,1372.7121614945331,38.38890975242147,0.18106073443968948,121,100.55946381190337,2024-01
2024-01-29,1036.9658275448169,416.2540486440426,544.1220442787114,1997.3419204675708,8469.535341718993,88,60.65155873238485,3729.3723840670805,1732.0304635995096,46.44294763910483,0.23582662328937004,88,96.24471979226128,2024-01
2024-01-30,818.5801650879991,454.9719605992826,777.9762875484483,2051.52841323573,13249.723292794244,119,43.456639309330974,3216.9728253195826,1165.4444120838525,36.22798436191559,0.15483556659265763,119,111.34221254448944,2024-01
2024-01-31,1043.0179407605754,490.43653348906463,647.6348879238615,2181.0893621735013,9469.3391516691,104,61.858269440841326,3013.676863640965,832.5875014674639,27.626966630442773,0.23033173986476704,104,91.05133799681828,2024-01
2024-02-01,868.2096494749167,590.3408317850138,577.4733164896875,2036.023797749618,14286.380026084997,84,44.86966962767761,2318.6080412379606,282.5842434883425,12.187667706761856,0.14251502438211178,84,170.07595269148806,2024-02
2024-02-02,826.0206371941118,406.52013932047817,637.7407268714784,1870.2815033860684,9435.97748337405,90,60.25103995401608,2126.2180661583,255.9365627722318,12.03717374270382,0.1982074996132045,90,104.84419425971167,2024-02
2024-02-03,1179.5542149013334,329.18258917649837,794.0097725856431,2302.746576663475,9334.814044645665,138,69.6459199915891,2235.2980569471174,-67.44851971635762,-3.0174284591145835,0.24668371171081893,138,67.64358003366424,2024-02
2024-02-04,1186.2528132298237,518.0744779074814,647.7854281978609,2352.112719335166,8255.847674936664,117,68.97074496717504,2454.7146001921974,102.60188085703157,4.179788593305231,0.28490263046831354,117,70.56280064048431,2024-02
2024-02-05,1123.3589392465844,308.3329005048297,598.6254830862524,2030.3173228376666,11304.468615769994,84,73.13106395041602,2683.349003793842,653.0316809561753,24.336442260506892,0.17960307484115856,84,134.57700733059517,2024-02
2024-02-06,921.8455076693483,375.5885682822544,690.0202562950177,1987.4543322466202,11953.887932838315,127,44.76307539773131,2761.8190510219747,774.3647187753545,28.038213382908307,0.1662600773416086,127,94.12510183337257,2024-02
2024-02-07,839.0688456025536,231.3825525369064,572.0436856334579,1642.495083772918,8459.960475998467,97,72.6061622765219,2692.643537178007,1050.1484534050892,39.00064894983035,0.1941492620955852,97,87.2160873814275,2024-02
2024-02-08,1073.6932106048628,210.140297366183,522.7589984325991,1806.5925064036448,13428.693316865074,149,55.60740283482235,2478.1106643945313,671.5181579908865,27.097989110787204,0.1345322633986099,149,90.12545850245016,2024-02
2024-02-09,976.0609974958405,585.05936587117,538.6639165731948,2099.7842799402056,11173.021843236194,116,59.952297306855556,3019.448493503396,919.6642135631905,30.458019586753256,0.18793342655204337,116,96.31915382100168,2024-02
2024-02-10,848.8152939379115,534.3920482048823,538.4137516873317,1921.6210938301256,11670.73188529306,139,82.8993126961353,3650.5722164657936,1728.951122635668,47.36109903092143,0.16465300657379228,139,83.96209989419468,2024-02
2024-02-11,998.0707640445081,478.38968243747917,545.5708080536883,2022.0312545356755,11085.339228567596,127,40.45152020647751,2559.407076942958,537.3758224072826,20.996105982841243,0.18240589781183938,127,87.28613565801257,2024-02
2024-02-12,813.7554084460874,363.58117776570793,541.6481517948231,1718.9847380066185,10805.341426127281,107,69.42063166703028,3884.7740382044663,2165.7893001978478,55.75071494245443,0.15908657303971155,107,100.98449930960076,2024-02
2024-02-13,1163.728160831513,269.3177280283383,692.2624234409643,2125.3083123008155,11917.482319157525,148,69.93569900500538,3746.6733234476956,1621.36501114688,43.274789958332875,0.17833534427689912,148,80.52352918349679,2024-02
2024-02-14,903.5119926400067,262.5748170684344,554.5640253197435,1720.6508350281847,9086.681721514988,119,59.8329888171781,2323.5284227042193,602.8775876760346,25.946641400425847,0.18935964610206543,119,76.35866992869738,2024-02
2024-02-15,1065.0089137415928,300.0971592658381,603.700184997159,1968.8062580045898,9273.496913466897,124,51.851392855416805,3572.551913514189,1603.7456555095991,44.89075860431802,0.21230462212647155,124,74.78626543118466,2024-02
2024-02-16,924.6844304357644,419.69066588244823,769.0365229718036,2113.4116192900165,14032.499347094621,141,51.73370191307755,3149.1747646355334,1035.763145345517,32.88998619501481,0.15060835329577912,141,99.52127196521008,2024-02
2024-02-17,1008.0272084711244,485.83836908002496,642.1884920788617,2136.054069630011,14622.80823493543,137,84.18548348303763,3133.150724342837,997.096654712826,31.824088351892556,0.1460768708247676,137,106.7358265323754,2024-02
2024-02-18,1018.6841117373119,464.0789506870925,700.2673215563082,2183.0303839807125,10613.165213958271,146,62.101218689142875,2782.085526116349,599.0551421356363,21.532592600482957,0.205690794402185,146,72.69291242437173,2024-02
2024-02-19,873.9417822102108,311.97355877837714,551.6959613604889,1737.611302349077,9895.212712004877,135,56.544468149458595,3002.3059983640196,1264.6946960149426,42.124110490539096,0.17560120766691614,135,73.29787194077687,2024-02
2024-02-20,1187.8338511058234,581.9461122652776,557.6867056426013,2327.4666690137024,12507.996802673111,119,62.43887869157015,2794.357554858422,466.89088584471983,16.708344464829057,0.18607829101109893,119,105.10921682918581,2024-02
2024-02-21,1110.0531293444458,495.1587666783074,512.2605848799436,2117.4724809026966,10861.139197686674,119,73.46952007296807,3079.4652375198857,961.9927566171891,31.23895489698565,0.1949585989427057,119,91.27007729148465,2024-02
2024-02-22,1175.7995766256756,421.7416210045603,550.6805189216493,2148.221716551885,8177.704489622414,112,47.28782841223759,3255.900105545272,1107.6783889933868,34.020650299032496,0.2626925097719047,112,73.01521865734298,2024-02
2024-02-23,1157.9309401710595,444.6882984937409,583.5771017095876,2186.196340374388,9093.068181563332,85,62.47169176068688,3348.6076128180966,1162.4112724437086,34.713272107311944,0.24042449662997298,85,106.9772727242745,2024-02
2024-02-24,1039.159991524434,367.84002497111595,553.1031452830241,1960.103161778574,13011.805601931783,98,69.39421855551934,3064.9623851188526,1104.8592233402785,36.048051640197684,0.1506403662753438,98,132.7735265503243,2024-02
2024-02-25,1168.7496940092467,299.092395800463,526.6107601271167,1994.4528499368264,12612.46759337106,119,87.42916774257168,3442.8441346574637,1448.3912847206373,42.06961535494377,0.15813343702742857,119,105.98712263337026,2024-02
2024-02-26,835.3970008207677,342.3890714605046,536.1907613301803,1713.9768336114528,8189.671947524384,138,52.62638910377096,2282.5560985510115,568.5792649395587,24.9097608291204,0.2092851636297303,138,59.345448895104234,2024-02
2024-02-27,878.393144967658,503.13844418574763,638.2336304098177,2019.7652195632231,9553.805133530646,138,57.96253739581228,2423.9649818044772,404.1997622412541,16.675148579925228,0.21140950556700447,138,69.23047198210614,2024-02
2024-02-28,818.0909155642153,205.75739545190234,561.9001155217378,1585.7484265378553,9617.5235761165,127,58.96792949612119,3637.4700081485403,2051.721581610685,56.405182091247106,0.16488115823035718,127,75.72853209540551,2024-02
2024-02-29,930.1321323053057,246.4290562027665,609.2809583144226,1785.842146822495,12703.2492051911,120,70.27690788224415,2645.05595569283,859.2138088703352,32.48376681865991,0.14058152508672522,120,105.86041004325917,2024-02
2024-03-01,955.4709158757928,218.4010568087011,651.025181256457,1824.8971539409508,8137.973764280549,92,57.83660265200008,2045.7876499522406,220.89049601128977,10.797332558755377,0.22424465927266157,92,88.45623656826685,2024-03
2024-03-02,908.5396127095584,216.29152092758807,707.1184485888095,1831.949582225956,8728.760073892017,124,66.67559626498478,2307.582299336062,475.6327171101061,20.611733642044108,0.2098751216344429,124,70.39322640235498,2024-03
2024-03-03,1131.4950036607718,542.1842336044028,511.79364195232966,2185.472879217504,13599.412597612325,132,79.08951649225148,2447.2288689926227,261.75598977511845,10.696015934254147,0.16070347623699657,132,103.02585301221458,2024-03
2024-03-04,942.7013306774357,481.46314375200944,739.8231196727128,2163.987594102158,9249.812634380336,121,75.26927970561019,3914.6457757891744,1750.6581816870166,44.72073035354245,0.23394934358550148,121,76.44473251553997,2024-03
2024-03-05,912.3738038749523,389.6695316349301,688.3701168472724,1990.4134523571547,12569.222754963122,142,62.318432325629274,3146.0828578616984,1155.6694055045436,36.73359722922297,0.15835612839077212,142,88.51565320396566,2024-03
2024-03-06,1017.0784332632994,239.1336642604006,524.5277095846616,1780.7398071083617,9667.279467327086,106,83.21080888370844,3865.4614809525096,2084.721673844148,53.932025558056786,0.18420278560548534,106,91.20074969176495,2024-03
2024-03-07,856.369689989905,396.64635004673295,762.0735872320331,2015.0896272686712,8696.089749315415,117,67.90701247969315,3150.3267009932497,1135.2370737245785,36.035534770620956,0.23172364653059216,117,74.32555341295226,2024-03
2024-03-08,1120.878792301616,389.3887083122263,776.261720159544,2286.5292207733864,9702.20533699618,139,66.99529197511063,2958.7088802757035,672.179659502317,22.718681921814518,0.2356710810947751,139,69.80003839565597,2024-03
2024-03-09,829.8202574719083,269.2807479640061,518.3233879564591,1617.4243933923735,13055.868522989615,86,41.70938829695791,2627.455382388192,1010.0309889958185,38.441413535165864,0.12388485611235349,86,151.81242468592575,2024-03
2024-03-10,1194.754774640207,373.5406596951892,583.0632944441611,2151.358728779557,13989.875276744,84,89.33464901785808,3212.741888866751,1061.383160087194,33.036676981902886,0.1537796932582993,84,166.5461342469524,2024-03
2024-03-11,1108.897907718663,359.40189375894937,741.8603839379184,2210.1601854155306,13811.53905196894,124,46.14854042648133,2278.3960492350598,68.23586381952919,2.9949079240388627,0.16002273005921488,124,111.38337945136243,2024-03
2024-03-12,879.4862726136689,446.3400392208866,724.4779071150975,2050.304218949653,10780.284707329183,137,51.55654562138233,3796.523254585412,1746.2190356357587,45.99521505700482,0.19019017350772885,137,78.68820954254878,2024-03
2024-03-13,802.208846849441,454.0374603470575,555.3563058069132,1811.6026130034115,12676.595955994522,110,42.584841862076345,3658.6648102825675,1847.062197279156,50.484597334198064,0.14290923362172311,110,115.24178141813202,2024-03
2024-03-14,1126.1845713819337,218.1216039088178,562.8047970010131,1907.1109722917645,9434.890067910746,102,72.00014834184569,2635.062895753474,727.9519234617096,27.625599549628888,0.20213388376172925,102,92.49892223441908,2024-03
2024-03-15,1082.7429375390468,349.84504585058846,611.1416308374146,2043.7296142270498,10052.034111827094,121,51.235058848634,3905.595055202589,1861.865440975539,47.67174821402372,0.20331502972342919,121,83.07466208121565,2024-03
2024-03-16,1091.602867216395,450.3439662856946,645.3568955573064,2187.303729059396,14274.350729647838,89,49.000521873636174,3650.4015348311364,1463.0978057717402,40.08046215769032,0.1532331501786883,89,160.38596325447008,2024-03
2024-03-17,1108.5081386743782,401.2545034320351,685.4764314590888,2195.239073565502,8091.013464575152,111,44.42777921116207,3332.6137716700796,1137.3746981045774,34.128608234569064,0.2713181832136243,111,72.89201319437075,2024-03
2024-03-18,829.6178606936362,542.5959364753289,610.6740918709318,1982.887889039897,8598.559715981277,132,45.165447856200785,2243.5238222505495,260.63593321065264,11.617257219457581,0.23060698006835992,132,65.14060390894906,2024-03
2024-03-19,943.386291417709,463.477452647578,638.7604148399444,2045.6241589052313,9455.203786022192,109,69.23353502212944,2956.4680460961445,910.8438871909132,30.808514517639825,0.21634902908484285,109,86.74498886258891,2024-03
2024-03-20,846.3476238100519,265.1737708325719,724.241281440127,1835.7626760827507,8185.725427116738,118,74.41039329332978,3012.2151096935017,1176.452433610751,39.05605644911785,0.22426389602581165,118,69.370554467091,2024-03
2024-03-21,1145.2413703502375,228.22749896017194,511.00496086717936,1884.4738301775888,9270.04804562858,110,59.86894942322005,2465.10271673076,580.6288865531715,23.553942909251518,0.20328630670541545,110,84.27316405116892,2024-03
2024-03-22,1049.3192507310232,456.96771128252624,575.7310833032062,2082.0180453167554,12081.290926787846,81,63.99485407960366,2159.9307887186037,77.91274340184827,3.6071870362138143,0.172334070749037,81,149.15173983688697,2024-03
2024-03-23,932.3592099410597,210.6045242166487,714.0048757653658,1856.9686099230742,10949.971854147487,91,74.2983867991492,3553.447260943385,1696.478651020311,47.74177091824692,0.16958661032719605,91,120.32936103458776,2024-03
2024-03-24,825.4233401144095,434.3102325093853,768.5620513061598,2028.2956239299547,14248.701977538825,118,40.86898950927398,2244.07010424879,215.77448031883523,9.615318162757063,0.1423495015284404,118,120.75171167405784,2024-03
2024-03-25,924.3929286862649,576.092096569983,653.5032326346998,2153.9882578909474,13722.104932169086,145,56.15653285351392,3188.5815011235495,1034.5932432326022,32.446818212676895,0.15697214593085473,145,94.63520642875231,2024-03
2024-03-26,930.0733288106989,430.1896711503516,659.6340455795947,2019.8970455406452,10392.721461885132,92,88.65488740351732,3872.898347767321,1853.0013022266758,47.84533793134303,0.19435689226816408,92,112.96436371614274,2024-03
2024-03-27,1091.8424713352256,355.2679704826088,532.1516034019328,1979.262045219767,9815.964034019047,125,69.0056114847734,3752.210385196085,1772.948339976318,47.25077109138874,0.20163705147658106,125,78.52771227215237,2024-03
2024-03-28,1055.0229885420852,457.3152873769413,634.2237100470364,2146.561985966063,10657.846857170869,106,52.71122899487466,2555.5052474985223,408.9432615324595,16.002442645451698,0.20140672076947716,106,100.54572506764971,2024-03
2024-03-29,1154.8850970305307,383.30115619660666,659.7851799365069,2197.971433163644,12132.064597603654,96,66.08650233181066,3702.8972751025303,1504.9258419388862,40.64184691424409,0.18117043603590696,96,126.37567289170472,2024-03
2024-03-30,988.8859700647797,418.24671572637396,572.741151090419,1979.8738368815725,9876.445485760134,139,57.132674406045766,2000.6650122409787,20.791175359406225,1.0392132232130993,0.20046420949076832,139,71.05356464575635,2024-03
2024-03-31,847.8376983753207,576.5859235106101,580.7729692848143,2005.196591170745,12369.042354943938,143,66.61224944131496,2035.3756192265143,30.179028055769322,1.4827252410165936,0.1621141341123521,143,86.49679968492265,2024-03
2024-04-01,1085.297914889198,354.44105512030967,613.1852489313868,2052.9242189408947,10865.881565338683,114,46.28707559033244,3205.10632768573,1152.1821087448352,35.948327167566276,0.18893305679767056,114,95.31475057314634,2024-04
2024-04-02,1104.314019446759,584.4762255295657,506.0213593333179,2194.8116043096425,11864.330265963861,149,46.63573269096387,2729.596438289059,534.7848339794164,19.5920842538403,0.18499245681031581,149,79.62637762391853,2024-04
2024-04-03,1024.5108790277984,562.1402567824255,596.6237496749535,2183.2748854851775,11052.885703947217,109,47.17711810196964,2772.921682318294,589.6467968331167,21.264459093563147,0.1975298527429343,109,101.40262113713042,2024-04
2024-04-04,1108.3868719818245,278.31645391571857,563.4344020989633,1950.1377279965063,10061.260316793423,142,86.99098959634209,3128.882181357765,1178.7444533612588,37.673021387137936,0.19382638621739046,142,70.85394589291143,2024-04
2024-04-05,997.5182385457563,227.74452035006618,598.2492056533744,1823.5119645491968,14639.173148735097,107,76.64494591706709,2383.564911183721,560.0529466345242,23.496441989339065,0.12456386341101225,107,136.81470232462706,2024-04
2024-04-06,1009.0931317527976,240.31120055097065,535.9286395457754,1785.3329718495438,13345.240559118327,139,48.11909473311604,2423.5107013309566,638.1777294814128,26.332779514071667,0.13378050129112806,139,96.00892488574335,2024-04
2024-04-07,971.0164073434198,207.2887302606199,767.1581842219684,1945.4633218260083,8980.792230365169,116,49.417454188280075,2969.2031740377292,1023.739852211721,34.47860561254784,0.21662491146918603,116,77.4206226755618,2024-04
2024-04-08,810.1676506976381,237.77718430237135,678.0777360662146,1726.0225710662241,14079.27583128539,101,76.54147374354382,3508.507088687726,1782.484517621502,50.80464347267994,0.12259313559514547,101,139.39877060678603,2024-04
2024-04-09,843.1565707973218,473.20270936654276,703.7306957433468,2020.0899759072115,11412.018387746595,147,47.808192239608694,3238.9955028151753,1218.9055269079638,37.63220806724033,0.177014258763922,147,77.63277814793602,2024-04
2024-04-10,812.5716742746937,228.4754593840916,736.7513715822015,1777.7985052409867,14261.865588258639,99,51.72806466674143,2594.710096473678,816.9115912326911,31.483732704586494,0.12465399384387651,99,144.05924836624888,2024-04
2024-04-11,1054.564164505512,327.5902521175045,649.5326596787172,2031.6870763017337,13598.986791631207,147,88.16734164101996,2860.6743550178426,828.9872787161089,28.978736334039613,0.14939988599386173,147,92.51011422878372,2024-04
2024-04-12,925.7423924305307,537.9501243877819,526.0760864262271,1989.7686032445395,10976.494531284634,143,52.76532623642159,2341.329517099997,351.56091385545733,15.015439359894353,0.18127541516769352,143,76.75870301597647,2024-04
2024-04-13,1003.4282764658811,209.30877429433033,661.1319625455643,1873.8690133057758,8157.285158240822,96,73.08161751855734,2149.2596286741637,275.3906153683879,12.81327819563014,0.2297172376538433,96,84.9717203983419,2024-04
2024-04-14,1163.0265895704372,525.7873930355743,676.0523354062638,2364.8663180122753,9880.741515694623,91,88.93156437002652,3565.3920814882986,1200.5257634760233,33.67163375128406,0.23934097600427146,91,108.5795770955453,2024-04
2024-04-15,899.71689165955,312.74190990935995,723.631842255299,1936.090643824209,11791.439502626068,101,58.71483835698963,2530.7748183763892,594.6841745521801,23.498106992138396,0.16419459586702903,101,116.74692576857493,2024-04
2024-04-16,964.1531692142519,247.2659310486625,629.4978638689038,1840.916964131818,12434.347538783031,96,40.87579954310311,2355.5327757024966,514.6158115706785,21.847108937688343,0.14805094987010403,96,129.5244535289899,2024-04
2024-04-17,1102.2204554172195,478.6948661456603,538.2740908386692,2119.189412401549,9805.213798032415,89,52.20736452111871,3383.2361111386385,1264.0466987370896,37.362059791672976,0.2161288326856066,89,110.17094155092602,2024-04
2024-04-18,891.519266196649,451.5771387119536,585.1327717396173,1928.22917664822,8975.492518509769,144,81.54385956708526,3236.103348574372,1307.874171926152,40.41509281532436,0.21483268719479365,144,62.32980915631784,2024-04
2024-04-19,830.7919639315172,550.9888054108212,608.9246889195905,1990.705458261929,13844.511657595094,101,83.23044179775184,3266.379252026928,1275.6737937649991,39.054674774014345,0.14379022586685666,101,137.07437284747618,2024-04
2024-04-20,915.9005811655072,494.02841752155433,693.7751723994804,2103.704171086542,14890.815264924866,129,78.42596822618955,2457.7892096932273,354.08503860668543,14.406647942395399,0.14127528504378076,129,115.43267647228578,2024-04
2024-04-21,864.4885149016018,521.3923721539395,671.2334914006735,2057.1143784562146,11679.8312761188,93,45.655490953828654,2465.291077125362,408.1766986691473,16.55693733111221,0.17612535060008094,93,125.58958361418065,2024-04
2024-04-22,1171.8790609370292,312.8138290285226,606.8290177693539,2091.5219077349057,9201.755000938125,143,79.77551858482016,2441.605259571278,350.08335183637246,14.338245318894982,0.2272959785955694,143,64.34793706949738,2024-04
2024-04-23,1123.2481518257669,270.97581751188915,795.954574637894,2190.17854397555,9906.151285635582,126,85.93388984967521,2347.505191324589,157.32664734903892,6.701865790561542,0.2210927817296127,126,78.6202482986951,2024-04
2024-04-24,1053.3615026041693,500.24590065634334,681.7324458070661,2235.339849067579,8128.734735832267,108,70.0304771273118,3311.4473451233125,1076.1074960557335,32.496590883152365,0.27499234772835923,108,75.26606236881729,2024-04
2024-04-25,1148.5842360750871,522.7338957069056,571.1680375207984,2242.486169302791,14400.091645923494,115,87.04376781690324,3696.031770498803,1453.5456011960118,39.327194446703764,0.15572721510682982,115,125.21818822542168,2024-04
2024-04-26,1121.4688307596457,596.2020568002692,530.5347417861211,2248.205629346036,8824.257580230988,131,81.34194418559387,3448.6349393533224,1200.4293100072864,34.808825263261625,0.2547756124416289,131,67.36074488725944,2024-04
2024-04-27,874.6280235544143,365.0470707645706,545.8577417552996,1785.5328360742847,12035.615328599775,86,73.34857584954537,3584.187267521086,1798.6544314468015,50.18304840669769,0.14835409634864208,86,139.9490154488346,2024-04
2024-04-28,1157.0235993959911,348.8072343171133,573.7873185153525,2079.618152228457,9918.386544810443,108,68.8592618355874,2809.5968581703996,729.9787059419427,25.981617391802697,0.20967302926064796,108,91.83691245194854,2024-04
2024-04-29,1015.7368967662603,510.56518429679875,548.2044119778667,2074.5064930409258,11879.246017610554,90,57.428683362098525,3308.151590743996,1233.6450977030704,37.291069162451116,0.17463284201417706,90,131.99162241789506,2024-04
2024-04-30,1122.976062065625,336.32141610120715,555.9701072153917,2015.2675853822238,12559.94271846305,112,47.96437226214026,2708.472480889549,693.2048955073251,25.59394272596244,0.16045197263676936,112,112.14234570056294,2024-04
2024-05-01,1158.4365199693973,572.3029302414259,585.5285506081541,2316.2680008189773,13808.19262595041,85,70.24769613452705,3051.00924393728,734.7412431183029,24.081908128542107,0.16774592182802417,85,162.44932501118132,2024-05
2024-05-02,927.2013899887455,543.3651007372048,552.0120785884264,2022.5785693143766,9444.948902324222,111,55.90557768090598,2963.269693069725,940.6911237553481,31.74503913549842,0.21414393981704427,111,85.08962975066866,2024-05
2024-05-03,844.0207698110707,371.5976109500074,769.0296273879276,1984.6480081490058,8076.970800609363,130,83.32193337638228,2353.774290287709,369.1262821387031,15.682314300985237,0.24571687296421513,130,62.13054462007202,2024-05
2024-05-04,891.1740650167767,500.34842711659894,524.0701236984927,1915.5926158318684,8958.199410481651,137,89.66684686793143,2774.1575206712614,858.564904839393,30.94867174779774,0.21383679108443443,137,65.38831686482958,2024-05
2024-05-05,970.8431154505025,501.81714963387293,657.3534168710764,2130.013681955452,14300.130492936736,105,77.62138813077863,3927.644550964702,1797.63086900925,45.76867498276337,0.14895064649987141,105,136.19171898034986,2024-05
2024-05-06,1127.2059063689971,241.24954753437305,623.1190480968985,1991.5745020002687,14117.230542937607,125,44.52408476435254,2497.160515429884,505.5860134296154,20.24643631459066,0.14107402269467,125,112.93784434350086,2024-05
2024-05-07,1144.2922333025374,561.0211626718267,794.713585072582,2500.0269810469463,12181.891715192158,108,54.43427977653191,2267.6074725589774,-232.41950848796887,-10.249547653222594,0.20522485665581297,108,112.79529365918664,2024-05
2024-05-08,802.7808522124762,402.10094897914286,533.6116706504157,1738.493471842035,12203.618023035575,83,45.45548158828748,2837.1612432478705,1098.6677714058355,38.72419214877347,0.1424572178972212,83,147.03154244621174,2024-05
2024-05-09,1004.2989210310263,530.5829864430966,619.3566797137225,2154.2385871878455,12655.25672182379,92,72.5255823895858,3580.675471720296,1426.4368845324507,39.83708928101029,0.1702248033793653,92,137.55713828069335,2024-05
2024-05-10,966.9644012595115,328.01984041224466,790.8411299826107,2085.825371654367,9227.598950364147,118,78.25954322778924,3164.2964595599447,1078.4710879055779,34.08249200694551,0.2260420487359883,118,78.1999911047809,2024-05
2024-05-11,888.8431241882921,558.2092913984802,759.652137768194,2206.7045533549663,14400.883621474719,94,86.28374154403559,3361.949654476489,1155.2451011215226,34.362355771250044,0.1532339689256505,94,153.20088959015658,2024-05
2024-05-12,847.9461469334731,355.6806714936653,745.1216212847839,1948.7484397119224,10931.393674244511,108,61.90861732059938,2379.3896963493544,430.641256637432,18.09881152709686,0.17827081319954421,108,101.21660809485658,2024-05
2024-05-13,935.0460685614512,204.33506059211933,577.370848113482,1716.7519772670526,10681.969697746483,108,85.06878247942223,3237.896386015443,1521.1444087483906,46.979403520083345,0.1607149267264095,108,98.90712683098594,2024-05
2024-05-14,1177.1638815650076,562.1527905677054,551.2662762170197,2290.5829483497328,11632.423936979863,111,83.89455795206638,2647.0007898229474,356.4178414732146,13.464969215103812,0.1969136407647501,111,104.79661204486364,2024-05
2024-05-15,929.2811728083021,236.51467071445342,700.5929659773293,1866.3888095000848,8328.761767425385,81,55.85978583826993,3668.606731909535,1802.2179224094502,49.12540520448163,0.22408958997959538,81,102.82421935093068,2024-05
2024-05-16,1007.5162486973464,327.72545503616595,778.8127967382757,2114.054500471788,9163.983581292556,126,83.44503127702855,3258.5976120214723,1144.5431115496845,35.12379396975212,0.2306916508217495,126,72.73002842295679,2024-05
2024-05-17,1081.207583558071,580.024786820322,667.0288679041789,2328.261238282572,13166.235314984593,101,58.78361259408632,2397.712555550592,69.45131726801992,2.896565608218691,0.1768357607609185,101,130.35876549489697,2024-05
2024-05-18,945.4518409517176,580.2428587750225,671.4838068409699,2197.17850656771,8579.590675475885,106,54.843463728014044,2129.233359688172,-67.94514687953779,-3.191061541957449,0.25609362843476663,106,80.9395346743008,2024-05
2024-05-19,1188.7128330883843,429.37515524931445,583.9937280980853,2202.081716435784,12222.064766264717,146,72.45373293971966,2085.2664185740655,-116.81529786171859,-5.60193636751694,0.18017264337478878,146,83.71277237167614,2024-05
2024-05-20,1184.9789179768445,452.73488486791973,730.8478799575811,2368.5616828023453,9717.443767769248,135,56.41906139425406,2742.8171353002817,374.2554524979364,13.644929065129352,0.2437432867539069,135,71.98106494643888,2024-05
2024-05-21,900.7129183301456,379.3782087913279,556.113124567257,1836.2042516887307,10725.069298293836,100,71.51043741645721,2531.702273308627,695.4980216198962,27.471556547246173,0.1712067494035528,100,107.25069298293836,2024-05
2024-05-22,998.8994023569542,317.28430867922583,597.103770921273,1913.287481957453,10020.8561573949,126,70.49159027493472,3292.180246925016,1378.892764967563,41.88387820671379,0.19093054045542215,126,79.53060442376903,2024-05
2024-05-23,920.3513239267079,331.4658181479664,627.6309315849251,1879.4480736595995,10489.709015254644,138,68.17194636742295,2998.6676699572363,1119.2195962976368,37.32389579248033,0.17917065868332618,138,76.01238416851191,2024-05
2024-05-24,913.936197750987,469.00738243081537,652.2831136053364,2035.2266937871389,13033.321336289719,85,59.02098521163988,2532.0385560107616,496.8118622236227,19.62102279383739,0.15615564454167907,85,153.33319219164375,2024-05
2024-05-25,814.7547789418131,500.949811775072,572.7229197245241,1888.4275104414091,10079.852009362225,98,67.42498608257384,2298.4755559003524,410.0480454589433,17.840000273499555,0.18734674960380637,98,102.85563274859413,2024-05
2024-05-26,1043.8257335919589,516.6316174903394,534.451047421761,2094.9083985040593,11964.83248207828,136,69.82427374927107,2254.399525374899,159.4911268708397,7.074661127082916,0.1750888198093832,136,87.97670942704617,2024-05
2024-05-27,1001.0716092915446,515.8472571178215,683.1860127324898,2200.104879141856,11332.352815393697,148,67.28434442477368,3729.320784280835,1529.215905138979,41.00521230527167,0.19414369769296866,148,76.56995145536281,2024-05
2024-05-28,820.5915004999957,236.48244121947613,586.5891659720767,1643.6631076915485,12645.698157538536,82,62.22097263756008,2486.9559368097343,843.2928291181859,33.908635719535965,0.129978043696362,82,154.21583118949434,2024-05
2024-05-29,911.4585856946446,397.7681218810326,674.3714664267836,1983.5981740024608,14557.808175273305,80,40.73335285231319,3303.421295821937,1319.823121819476,39.95321830396706,0.13625665004788548,80,181.97260219091632,2024-05
2024-05-30,1163.3063543866615,223.0235040066577,546.3088145822607,1932.63867297558,13128.004680471753,137,69.35308538505754,3621.3718559725326,1688.7331829969526,46.63241584019648,0.14721495916667596,137,95.82485168227556,2024-05
2024-05-31,895.824756266789,419.8115529294942,644.3420305564453,1959.9783397527285,9504.582650135297,117,48.42221925713598,3228.162622369472,1268.1842826167435,39.28501847549105,0.20621403505022162,117,81.23574914645553,2024-05
2024-06-01,857.9579488364892,376.6122005493508,659.7768297654758,1894.3469791513157,8218.281945428993,94,72.12879844735949,3719.130463293892,1824.783484142576,49.0647881850973,0.23050401430982193,94,87.42853133435099,2024-06
2024-06-02,995.7811041110252,555.0816731033199,515.5470610467281,2066.409838261073,9835.848310098776,113,77.9672163961433,2784.787443056949,718.3776047958759,25.79649684168678,0.2100896407826283,113,87.04290539910421,2024-06
2024-06-03,1194.2601816442402,340.3660050208315,600.9812834581762,2135.607470123248,12165.545514901783,140,65.02226545653707,3912.4443812978966,1776.8369111746488,45.41500755047689,0.17554555753437492,140,86.89675367786988,2024-06
2024-06-04,896.8221086046002,246.82680657104234,540.3244030816923,1683.9733182573348,8359.980694389753,114,67.11818324898692,2266.290008356194,582.3166900988592,25.69471197206709,0.2014326802677214,114,73.33316398587503,2024-06
2024-06-05,1068.8542189623513,257.19667282113437,519.0124911418303,1845.063382925316,11474.563730408654,143,87.57392798329955,2204.299059315076,359.2356763897601,16.297048028563896,0.16079595061516175,143,80.24170440845212,2024-06
2024-06-06,1104.647846131487,504.6042526869889,796.9880697169835,2406.24016853546,12177.899942418226,104,82.3583680686287,3317.384292414887,911.1441238794273,27.4657393767353,0.19759073238514727,104,117.0951917540214,2024-06
2024-06-07,895.0550175969598,447.2872253265044,596.7061534924169,1939.0483964158811,10339.707235718726,103,85.7118257975735,3885.6622828265236,1946.6138864106424,50.09735135794223,0.1875341682516309,103,100.38550714290025,2024-06
2024-06-08,1091.2865394447438,240.4490704491161,742.9623337563904,2074.69794365025,13396.385426220753,91,80.68831441597932,3617.766923272656,1543.068979622406,42.652526056779124,0.15486998004621774,91,147.21302666176652,2024-06
2024-06-09,947.1132530877013,233.64272244599897,576.3921964291292,1757.1481719628293,8746.187771936402,97,45.44591709233657,2152.833718876103,395.6855469132736,18.379754248732368,0.200904464640118,97,90.16688424676703,2024-06
2024-06-10,1052.9223322374319,480.387652583648,704.4508166671787,2237.760801488259,8525.964472150661,94,47.449592798509734,2558.735427869433,320.97462638117395,12.544267878779403,0.262464241881105,94,90.70174970373044,2024-06
2024-06-11,1053.411884304358,229.1052025456774,728.068357966906,2010.5854448169414,13097.321293425222,106,66.33118986344797,3860.637769675647,1850.0523248587058,47.92089896105789,0.15351119513470615,106,123.55963484363417,2024-06
2024-06-12,1014.3098736299034,528.7440237161425,678.6916221823533,2221.745519528399,11468.43921344339,139,52.30348293989991,2506.116865601569,284.37134607316966,11.347090392167688,0.19372692989679474,139,82.50675693124741,2024-06
2024-06-13,836.1159080217633,482.4968908625985,641.4728565650476,1960.0856554494094,12818.816774994153,125,63.834773752057956,3562.340847573839,1602.2551921244294,44.97759368578272,0.15290690941717616,125,102.55053419995322,2024-06
2024-06-14,1134.1209982356952,232.5395122567599,623.5522742441806,1990.2127847366357,11043.791370226223,96,59.71826619091751,3650.2643918574076,1660.051607120772,45.477571729429386,0.18021100888434005,96,115.03949343985649,2024-06
2024-06-15,928.3120259886944,233.93508563407676,604.6604799628985,1766.9075915856697,9724.814232673747,132,67.47071192152266,2990.9042069219636,1223.9966153362939,40.92396581955222,0.18169062660849153,132,73.67283509601323,2024-06
2024-06-16,874.6074041599417,594.6558314004701,778.8587432743477,2248.12197883476,13733.716223719399,87,77.34378580679113,2772.697819696631,524.5758408618713,18.919329655593938,0.16369363850346966,87,157.85880716918848,2024-06
2024-06-17,816.3100566219056,349.7083183024481,749.1858223363188,1915.2041972606726,13595.911152782854,106,75.77454535496372,2900.2488648395192,985.0446675788467,33.96414285411168,0.14086618952850855,106,128.2633127621024,2024-06
2024-06-18,1036.3571772752966,348.25685882675634,789.5080731999537,2174.1221093020067,12862.875295980986,125,66.06170662426672,2453.9293887307285,279.8072794287218,11.402417718850884,0.16902302628878885,125,102.90300236784789,2024-06
2024-06-19,1071.0257447369129,525.119826903001,537.2891670456634,2133.434738685577,9905.015960609739,129,81.1196709408529,3778.7818322576886,1645.3470935721116,43.54173293431642,0.21538932871686617,129,76.78306946209099,2024-06
2024-06-20,806.6351315711424,578.8994309535435,719.2602425610933,2104.7948050857794,12131.61466808361,82,61.54310457690167,2901.239313459516,796.4445083737364,27.45187219402575,0.17349667481799985,82,147.94652034248304,2024-06
2024-06-21,1004.8372233197124,594.4004255291484,781.5021370463114,2380.739785895172,10526.817278580187,143,84.83571449200612,3764.9188809121997,1384.1790950170275,36.76517712067293,0.22615950508986857,143,73.6141068432181,2024-06
2024-06-22,890.5983100791752,501.35127410357666,554.369919849698,1946.31950403245,8641.07451328644,123,43.56401350275819,2211.3869598125484,265.0674557800985,11.986480005406532,0.2252404490945896,123,70.25263831940195,2024-06
2024-06-23,1058.0691161637799,350.5038342123663,519.9488802100333,1928.5218305861795,14421.1950282357,132,87.73300150166537,3976.550542000263,2048.0287114140833,51.50264506342462,0.13372829552684556,132,109.25147748663409,2024-06
2024-06-24,869.7465716019966,233.4002866794675,722.3361947870177,1825.4830530684817,8957.73041643273,103,72.7346540715674,2886.5461748872367,1061.063121818755,36.75891731959582,0.20378856788541871,103,86.96825647022068,2024-06
2024-06-25,1076.3750952409864,510.8587663709747,672.3419339539736,2259.5757955659346,14651.661476745616,139,59.003725446860265,2095.661640788211,-163.91415477772352,-7.821594459116637,0.1542197653933119,139,105.40763652334975,2024-06
2024-06-26,954.6941385202149,423.361699894322,752.5486330274816,2130.6044714420186,11122.04041070569,82,49.85770632864387,2076.0436964749097,-54.560774967108955,-2.628113033446854,0.19156597105969628,82,135.63463915494742,2024-06
2024-06-27,1174.6919954946939,369.6888036987905,541.9317129878868,2086.312512181371,9295.930501870338,99,63.95916147218,3492.414514963677,1406.102002782306,40.26160115752841,0.2244328861711698,99,93.89828789768018,2024-06
2024-06-28,855.0083776583973,562.5417540378944,738.580193557967,2156.130325254259,11793.306631648507,125,49.72791615926505,3318.0710684073615,1161.9407431531026,35.018561061467004,0.1828266145025068,125,94.34645305318806,2024-06
2024-06-29,936.4265404201034,244.47899292246052,560.4881960143233,1741.3937293568874,14110.620851134858,94,48.31658038715711,3604.261116255175,1862.8673868982874,51.68513952823167,0.12341014245428007,94,150.1129877780304,2024-06
2024-06-30,845.3894084962357,397.0500417163437,549.0967828597113,1791.5362330722905,13125.574204866927,104,70.8675878706487,2210.7350679056117,419.19883483332114,18.961966131493917,0.13649202732844967,104,126.20744427756661,2024-06
2024-07-01,1169.8774473114252,204.54145790696762,549.2797393792979,1923.6986445976909,13645.928035030149,96,66.15423622908924,2071.141734071097,147.44308947340596,7.118928031235579,0.14097235744314407,96,142.1450836982307,2024-07
2024-07-02,1150.9357413523924,387.4642567976505,744.3724160694146,2282.7724142194575,12611.483566975021,88,73.50480173054709,3017.158578895157,734.3861646756995,24.340323701004206,0.18100744469090255,88,143.3123132610798,2024-07
2024-07-03,903.1766510860623,222.52131027273495,699.55916620886,1825.2571275676573,12845.935951624968,117,86.48029387109946,2775.190462965539,949.9333353978818,34.22948255532678,0.14208829426218403,117,109.79432437286297,2024-07
2024-07-04,1063.9936184136716,247.52716650722877,656.9196274307358,1968.440412351636,13944.369560957235,127,66.61301066695201,2923.893873341912,955.4534609902757,32.677432984194624,0.14116381552759916,127,109.79818551934831,2024-07
2024-07-05,1126.8888800804864,247.01049871084194,607.6491452370508,1981.548524028379,9747.676062014301,139,69.04660266313988,3983.176817740548,2001.628293712169,50.252057222194566,0.2032841993744818,139,70.12716591377195,2024-07
2024-07-06,1022.080324639785,459.6841208464254,763.1601622439325,2244.924607730143,11425.974745501982,142,44.481316957747104,3941.49991534134,1696.5753076111969,43.043900648270615,0.19647554433934783,142,80.46461088381677,2024-07
2024-07-07,1011.8602313424026,498.41795170616933,617.7335322267907,2128.011715275363,9548.466092737215,81,75.88178929543147,3884.6307793463857,1756.6190640710229,45.21971749311489,0.2228642479962282,81,117.8822974412002,2024-07
2024-07-08,896.7409163601807,433.34750603886386,744.9798318414731,2075.0682542405175,14913.676055976528,90,59.99526034020781,3567.6853535353475,1492.61709929483,41.837128316703776,0.13913861655919177,90,165.70751173307252,2024-07
2024-07-09,837.2411071223597,584.8690193898167,631.7404725710655,2053.850599083242,14608.415377806294,143,88.83626193312895,2709.6827205137806,655.8321214305388,24.20328094007209,0.14059366098006332,143,102.1567508937503,2024-07
2024-07-10,1158.8863031813307,349.9482318094816,613.0833288274723,2121.917863818285,8275.98767957954,100,81.158700779783,2824.261860525543,702.3439967072582,24.868232175063433,0.2563945170017566,100,82.7598767957954,2024-07
2024-07-11,1160.1672228653322,314.2848345127443,638.803935700882,2113.2559930789585,12939.026207609819,97,66.12405202580592,3099.2320874378493,985.9760943588908,31.813561119070698,0.16332419141682322,97,133.3920227588641,2024-07
2024-07-12,1053.2405829093072,547.4396512757842,590.4133622492426,2191.093596434334,14476.738221909662,143,46.1611327086083,3661.06891280968,1469.9753163753462,40.15153364723792,0.15135271238919326,143,101.23593162174589,2024-07
2024-07-13,935.6119164194803,289.43833540778104,724.2828140528753,1949.3330658801365,9264.027415891334,117,82.97078966402947,2137.4256650365355,188.09259915639905,8.799959794306295,0.21041961323822164,117,79.17972150334474,2024-07
2024-07-14,939.6838298450643,585.2890157762445,650.8161170277438,2175.7889626490523,11975.616613868406,111,79.98905477120108,2848.593771769776,672.8048091207238,23.618840137487318,0.1816849213533917,111,107.88843796277843,2024-07
2024-07-15,1090.3822715480958,204.86178987592655,569.6638085440452,1864.9078699680674,14408.418083116292,90,49.229256476851646,2165.2353269185373,300.3274569504699,13.870430304584126,0.12943182653433388,90,160.0935342568477,2024-07
2024-07-16,1158.844103981031,587.9515306830556,769.8723719823706,2516.668006646457,8237.621850100591,124,54.7639144610155,3029.3151731470234,512.6471665005665,16.922873230387573,0.3055090476890154,124,66.43243427500477,2024-07
2024-07-17,1154.834569706047,217.26396478023045,615.1673664119635,1987.265900898241,12881.941870727878,112,79.67036290739186,3797.8016480124707,1810.5357471142297,47.673257187134816,0.1542675724545831,112,115.01733813149892,2024-07
2024-07-18,1111.9502183430495,556.4572454792285,663.0658583341966,2331.4733221564748,10081.443051607856,120,49.26142232737048,3564.969849127876,1233.4965269714012,34.60047571715537,0.23126384885789103,120,84.01202543006546,2024-07
2024-07-19,1056.812658461715,411.08044363451995,771.9416332893641,2239.834735385599,14470.773367635713,87,85.88762445856887,2455.68483508622,215.85009970062129,8.78981278935343,0.15478334699063503,87,166.33072836362888,2024-07
2024-07-20,833.6559859980196,597.1859184477202,687.2713987741977,2118.1133032199373,14797.407716157573,90,61.226371259818094,3951.981699197585,1833.8683959776477,46.40376741496547,0.14314083546587208,90,164.4156412906397,2024-07
2024-07-21,864.6514856378456,229.51862589415956,535.0694122125092,1629.2395237445144,14609.865423794037,130,44.35194812938293,3334.7007960928568,1705.4612723483424,51.142857384583564,0.11151639501696499,130,112.38358018303106,2024-07
2024-07-22,1159.4216754108318,421.5417137605283,781.9496370840425,2362.9130262554027,11319.499516602245,120,80.78743217521404,2020.8553987948062,-342.05762746059645,-16.926378189384163,0.20874712903955972,120,94.32916263835205,2024-07
2024-07-23,1042.571623863836,587.7210142476396,688.3124159214253,2318.605054032901,14034.298556925194,96,58.67548415191938,2510.826969370439,192.22191533753812,7.655721309451106,0.16520989949218307,96,146.19060996797077,2024-07
2024-07-24,803.6788206466518,409.2391376680595,600.4716843971258,1813.389642711837,13911.845789745494,125,66.32495970768905,2521.426599839833,708.0369571279962,28.08080779242086,0.13034860148094063,125,111.29476631796395,2024-07
2024-07-25,840.5886171464128,451.759455254105,541.7816217990162,1834.129694199534,10233.70331270279,111,45.61521722056096,2138.50861257172,304.3789183721858,14.233233225380697,0.17922443500222288,111,92.19552533966477,2024-07
2024-07-26,1065.4007076432224,478.29947559384686,738.2075567810888,2281.907740018158,13802.408319054743,133,40.12920074224912,3919.653036151858,1637.7452961336999,41.782914993454774,0.16532678118701205,133,103.77750615830634,2024-07
2024-07-27,802.0246335384875,381.8164259071093,686.021826778554,1869.8628862241508,8259.053443008448,99,71.89926028966488,2956.5105891518474,1086.6477029276966,36.75439915266565,0.22640159663902518,99,83.42478225261058,2024-07
2024-07-28,864.3232205669995,451.0232320336254,660.0383275928964,1975.3847801935212,12173.889149374372,112,65.75875851668658,3791.629194743764,1816.2444145502427,47.90142498818331,0.16226406828215928,112,108.69543883369975,2024-07
2024-07-29,1019.4935157466344,433.72572476924006,768.1677749152873,2221.3870154311617,9610.06186101392,119,69.67692845615736,2644.4310068892564,423.04399145809475,15.99754315223135,0.23115220771292638,119,80.75682236146152,2024-07
2024-07-30,1076.7580790770774,560.4632041963955,736.5791633673592,2373.800446640832,8843.968200440951,111,79.68719251902581,2250.467140865654,-123.3333057751779,-5.480342438047645,0.2684089757946525,111,79.67538919316172,2024-07
2024-07-31,1060.7845038010403,218.17855213658316,545.5024639198253,1824.4655198574487,8538.672411404465,81,72.330295671143,2948.672219812428,1124.2066999549793,38.125861952417786,0.21367086497201215,81,105.41570878277116,2024-07
2024-08-01,889.707723784224,312.3852758368921,593.5166203386644,1795.6096199597805,12874.021431146979,112,48.73867214136886,2227.9132694286345,432.303649468854,19.403971213822054,0.13947542572948826,112,114.94661992095517,2024-08
2024-08-02,1084.8716885390145,580.1645936306235,574.5467419443397,2239.583024113978,10379.124746376463,109,58.038625955529994,2972.0310059550798,732.4479818411019,24.644695172206838,0.21577763817665416,109,95.22132794840792,2024-08
2024-08-03,894.89963499872,556.1055135563665,723.183887771803,2174.1890363268894,13073.36740070133,112,85.29455523938802,3840.5943624388156,1666.4053261119261,43.38925616330234,0.1663067341173517,112,116.72649464911902,2024-08
2024-08-04,930.1598792637071,382.26270111428516,510.0597304207338,1822.482310798726,8457.494385592596,105,78.49723501258396,3041.5362836684253,1219.0539728696992,40.08020484304027,0.21548726226804693,105,80.54756557707235,2024-08
2024-08-05,1098.5965620472098,448.0530391206147,670.966905461395,2217.6165066292197,10207.032364814273,101,67.83185289683587,3232.9994537901666,1015.382947160947,31.406839428029453,0.21726359115640673,101,101.05972638429974,2024-08
2024-08-06,1059.853159618886,310.95247319245306,728.7376057222071,2099.543238533546,11776.43904662736,145,52.78224989046362,2313.2768739476164,213.73363541407025,9.239431640075704,0.17828336988971483,145,81.21682101122317,2024-08
2024-08-07,1139.6893641976712,275.24846388950454,763.0296910285249,2177.9675191157007,13535.062153872745,117,55.10302509173975,2087.471251759939,-90.49626735576157,-4.335210234845846,0.1609130046360759,117,115.68429191344227,2024-08
2024-08-08,1063.0451569201373,385.4793619759929,602.6245246147722,2051.1490435109026,10231.267520524489,125,76.59790337928172,2221.615924359614,170.4668808487113,7.673103121902081,0.20047848806574398,125,81.8501401641959,2024-08
2024-08-09,1027.3234413341886,341.3408912104211,746.3771914016038,2115.0415239462136,12381.239635059064,94,82.55871304263854,3197.0631513687313,1082.0216274225177,33.84423691972681,0.17082631354272498,94,131.7153152665858,2024-08
2024-08-10,837.469907131237,433.4624447403488,533.1895210865622,1804.1218729581483,14201.84423765331,123,73.57123347653072,2190.0233979846093,385.90152502646106,17.620885940378113,0.12703433742604253,123,115.46214827360414,2024-08
2024-08-11,947.0863212237734,231.09385478599393,753.9356875203555,1932.1158635301229,12311.042317276133,128,80.47649878842209,2751.985779882623,819.8699163525,29.79193869190229,0.15694169622167387,128,96.18001810371979,2024-08
2024-08-12,906.0809470726902,589.7579230664667,538.2465986995948,2034.0854688387517,9630.716323275436,140,78.3328067600203,3100.183880916312,1066.0984120775602,34.388231570395,0.21120811791774935,140,68.79083088053882,2024-08
2024-08-13,897.5958573516334,594.4842977918411,619.1861871681102,2111.2663423115846,8170.805470895766,146,47.48519839784789,2777.305597259694,666.0392549481094,23.981489671330213,0.25839145844701233,146,55.964421033532645,2024-08
2024-08-14,1189.2042219009782,479.26468560789806,739.1886097338661,2407.6575172427424,14090.69211730651,85,61.197240645665104,2327.367602930603,-80.28991431213944,-3.449816617325042,0.17086864840979687,85,165.7728484389001,2024-08
2024-08-15,957.2390898667041,414.43854653764816,544.9752282046321,1916.6528646089846,8148.88587595271,88,47.649190041428135,2547.582615028213,630.9297504192282,24.765821006053656,0.23520428360213144,88,92.60097586309898,2024-08
2024-08-16,1156.8186220708453,323.8110465145311,568.7754185697925,2049.405087155169,14122.911708789396,85,51.761779240099244,3856.635065697154,1807.229978541985,46.860279693466325,0.14511207953525063,85,166.15190245634582,2024-08
2024-08-17,1052.4554503989052,525.5180078827794,716.6757705179199,2294.6492287996043,11702.559938190483,111,83.46298123255264,3351.964551172711,1057.3153223731065,31.54315346214495,0.1960809635600479,111,105.42846791162597,2024-08
2024-08-18,1117.9245214166594,473.89246902155173,716.0109609638223,2307.8279514020332,14573.473889590274,120,63.64459828165911,2992.095677359773,684.2677259577399,22.869179322552217,0.1583581216727261,120,121.44561574658562,2024-08
2024-08-19,1001.0548372420768,265.0467757379565,692.3442898655892,1958.4459028456224,13591.482650415659,87,66.76790509213305,2025.429779973787,66.98387712816452,3.3071438857303375,0.14409361754110972,87,156.22393851052482,2024-08
2024-08-20,1030.7615538505436,564.370873797537,708.18453334013,2303.3169609882107,14985.538773733362,129,48.922298261388605,3984.8308009789407,1681.51383999073,42.197872983154966,0.15370264598196912,129,116.16696723824312,2024-08
2024-08-21,997.0070775275456,529.0148971692677,662.8173330042789,2188.8393077010924,10454.982708161971,141,55.6135893024398,3342.9098697892864,1154.070562088194,34.52293382235096,0.20935848186456726,141,74.14881353306363,2024-08
2024-08-22,878.0971951192178,579.9199653167695,575.5397176720858,2033.556878108073,13370.318022517888,141,51.5123084213935,2633.84495468989,600.288076581817,22.791321695414496,0.15209487722604786,141,94.82495051431125,2024-08
2024-08-23,1088.980846104602,490.287803355344,603.7087980511758,2182.9774475111217,10813.516395264694,86,50.30930822592132,3758.5373199956766,1575.559872484555,41.91949522763731,0.20187489135976722,86,125.73856273563598,2024-08
2024-08-24,912.3089449763423,445.366078374316,554.4793150404277,1912.1543383910857,11359.129342127362,83,71.8980396657985,2516.863240583636,604.7089021925503,24.026291633244412,0.16833634698563732,83,136.85698002563086,2024-08
2024-08-25,809.7263865725815,367.29721451624755,772.5351684000884,1949.5587694889175,12392.53824252859,85,52.84419238228574,3088.0331583655034,1138.4743888765859,36.867298066163926,0.15731714773317715,85,145.79456755915987,2024-08
2024-08-26,1058.188918362867,573.0913933416052,675.0175384298361,2306.2978501343086,14115.73979930437,137,71.60077430102092,3272.14152745965,965.8436773253416,29.51717305685066,0.16338483727561795,137,103.03459707521438,2024-08
2024-08-27,870.8442717628195,546.4255558001634,620.255425029092,2037.5252525920746,14888.584284395067,101,42.922730705427696,2442.126742907457,404.6014903153823,16.567587717977602,0.13685151077309837,101,147.41172558806997,2024-08
2024-08-28,1176.1834337411658,218.08746804247576,638.6017410932398,2032.8726428768814,13377.913897051627,105,47.08871967635509,3956.7945576011916,1923.9219147243102,48.62324507165438,0.15195737231683845,105,127.40870378144406,2024-08
2024-08-29,1181.571430801035,210.5467897989008,784.1850018835446,2176.3032224834806,10924.367475171337,82,53.72701270000627,3496.383811957995,1320.0805894745145,37.75559722475839,0.1992154902725247,82,133.22399359965044,2024-08
2024-08-30,1165.9457560881795,350.58534675121984,546.0054209348241,2062.5365237742235,10949.499015939491,120,69.85234584478458,3115.62645102214,1053.0899272479164,33.80026276585341,0.18836811810035614,120,91.2458251328291,2024-08
2024-08-31,948.0634801021778,524.2213323127332,675.8689496050392,2148.15376201995,13163.07611112224,139,73.7920622543688,2361.189196350602,213.0354343306517,9.022378836050674,0.1631954220947527,139,94.69838928864921,2024-08
2024-09-01,806.1826466115469,594.9104517259777,651.7666036653397,2052.8597020028647,9671.440020378117,93,62.13584833897636,2107.7164139960523,54.85671199318767,2.602660947597973,0.2122599837953196,93,103.99397871374319,2024-09
2024-09-02,1171.32742503509,260.1667564414113,683.4362706303943,2114.9304521068957,8773.318791919763,91,62.28954572886145,2640.119665041967,525.1892129350713,19.89262910651904,0.24106390093276323,91,96.41009661450289,2024-09
2024-09-03,971.2736593269258,437.652286140854,505.4330551462522,1914.359000614032,10482.355103485435,91,76.2258425699309,3506.3746718268058,1592.0156712127737,45.403467119597366,0.18262680301466777,91,115.19071542291687,2024-09
2024-09-04,1186.6619276174679,352.3563426524086,761.6371726832455,2300.655442953122,10010.672941578572,92,40.791054588279124,2538.66259660405,238.0071536509281,9.375296818462937,0.22982025847608345,92,108.81166240846274,2024-09
2024-09-05,1185.4479908357011,587.9657591258413,779.6354847450837,2553.049234706626,10074.15684319193,104,57.05450122371103,3079.1124409910103,526.0632062843843,17.08489755947565,0.2534255992283826,104,96.86689272299932,2024-09
2024-09-06,1141.203782186944,536.8475692542835,669.5399550767627,2347.5913065179902,9635.25425734937,124,80.93535285596164,3455.8943534614864,1108.3030469434962,32.06993425112662,0.24364601533242836,124,77.70366336572073,2024-09
2024-09-07,917.7795568278343,535.3314818844551,708.9952471630677,2162.106285875357,8294.652327454532,98,70.16097051066862,2215.8874292929286,53.78114341757146,2.4270701979988476,0.2606626776530446,98,84.63930946382176,2024-09
2024-09-08,954.0390914407701,387.4772639179881,776.7498143531886,2118.2661697119465,8125.117543133897,134,56.86135663777102,3370.596032231747,1252.3298625198004,37.15455220810323,0.2607059108334968,134,60.63520554577535,2024-09
2024-09-09,1140.4546686067429,365.9278009350661,712.1715902940196,2218.5540598358284,14914.05672815222,124,85.27623961648369,2183.741775420089,-34.812284415739214,-1.5941575513909987,0.14875590862196597,124,120.27465103348564,2024-09
2024-09-10,926.7688020625111,309.3628287722825,545.7617128742784,1781.893343709072,10994.411936151037,87,78.63113637246913,3930.259484253993,2148.366140544921,54.66219594792747,0.1620726378143044,87,126.3725509902418,2024-09
2024-09-11,867.7970986744369,222.55019866037085,672.886508050044,1763.2338053848516,10690.286530117772,132,53.24477236183667,2976.7882601298793,1213.5544547450277,40.76724135871456,0.16493793692220396,132,80.98701916755887,2024-09
2024-09-12,1022.7205049833401,545.8889505020213,682.0145139148567,2250.623969400218,12757.53097885149,134,72.26449187628585,2301.352215419755,50.72824601953698,2.204279974166597,0.1764153246526416,134,95.20545506605589,2024-09
2024-09-13,1174.4619096643123,525.160403652031,627.2392013907158,2326.8615147070595,9527.777215055448,111,69.78753640944784,2684.767272067093,357.9057573600335,13.330978855551592,0.24421871567591202,111,85.8358307662653,2024-09
2024-09-14,1078.411918669989,599.8870693144522,720.9332706874168,2399.2322586718583,14649.728287651578,130,60.059395701949136,2826.8328985905227,427.60063991866446,15.126491563469099,0.1637731575331809,130,112.69021759731983,2024-09
2024-09-15,1028.024468035746,598.6547348295621,780.3101044307044,2406.9893072960126,13504.415100908864,123,58.34780396024003,3516.3700221530744,1109.3807148570618,31.549032322195362,0.17823721274192908,123,109.79199269031596,2024-09
2024-09-16,838.8705975083074,422.172682241051,777.6705538720329,2038.7138336213911,8625.877016185817,149,57.1780237387852,3486.8475721532186,1448.1337385318275,41.53131757456112,0.23634858574912396,149,57.89179205493837,2024-09
2024-09-17,1046.0028906796679,507.5949660722042,635.2518114212396,2188.8496681731117,10923.065430494498,97,70.85778916978234,3223.8810106746623,1035.0313425015506,32.105134745185566,0.2003878565134641,97,112.60892196386081,2024-09
2024-09-18,1196.0215400417053,577.9062919529713,533.9714137522266,2307.899245746903,14153.828152935152,101,62.120496824033474,2211.861425116986,-96.03782062991695,-4.341945636347335,0.1630583062624158,101,140.13691240529852,2024-09
2024-09-19,856.0336060946096,539.8589562709647,795.4523596887004,2191.3449220542743,14613.124156039872,116,81.59315566257109,2303.1387431753474,111.79382112107305,4.853976837146268,0.1499573190958315,116,125.97520824172304,2024-09
2024-09-20,1007.3318609454947,298.93924069727905,751.6694259337803,2057.940527576554,11271.810578749088,135,73.4801308066981,2187.5138412911133,129.5733137145594,5.923314004636547,0.1825740872062222,135,83.49489317591917,2024-09
2024-09-21,1150.949228771182,380.2176541240374,537.3988043609801,2068.5656872561995,12293.879724474955,138,43.49658028547171,3154.3455665751,1085.7798793189004,34.42171621347783,0.16825979541169975,138,89.08608495996344,2024-09
2024-09-22,1096.3074471016816,251.663766060598,776.2525647852117,2124.2237779474913,9169.237622644527,82,72.0084111914083,3754.276883022808,1630.0531050753166,43.41856383706193,0.2316685274576664,82,111.81997100786008,2024-09
2024-09-23,1078.8062963981072,581.620410903489,760.9689086186385,2421.395615920235,14938.180382958835,107,53.55737182500924,2867.6010245095435,446.2054085893087,15.560233267304852,0.16209441537354258,107,139.60916245755922,2024-09
2024-09-24,1080.9936335948437,442.469853780352,655.6514171378217,2179.1149045130173,9621.701909684103,114,69.64059958267114,2321.6963479154924,142.5814434024751,6.1412614759242805,0.22647915358090337,114,84.4008939445974,2024-09
2024-09-25,943.7964604879021,291.4571222013851,677.3826307234788,1912.636213412766,14599.12241894588,140,74.00659655517256,3116.084650297934,1203.448436885168,38.62053095284508,0.13101035517934007,140,104.27944584961344,2024-09
2024-09-26,917.4367377057973,468.68027376234267,619.700811161039,2005.8178226291789,12547.52654294658,133,51.541459457700604,3623.50443373142,1617.686611102241,44.64425642875166,0.1598576273788974,133,94.34230483418482,2024-09
2024-09-27,1123.7444621914055,447.25129618315833,516.4284916466094,2087.424250021173,12254.157564152014,142,62.84293224401843,3483.4241230258604,1395.9998730046873,40.075506849049965,0.17034416597740415,142,86.29688425459165,2024-09
2024-09-28,1124.0453578716724,343.2650872131362,600.5591724937702,2067.869617578579,11588.81957711556,86,49.51624314095339,3762.9015593500426,1695.0319417714636,45.04587523847535,0.1784366046790478,86,134.75371601297164,2024-09
2024-09-29,1146.8289274320414,245.42303687985162,740.8560345794034,2133.1079988912966,9614.68868202431,128,42.61694378932542,2555.804194497736,422.69619560643923,16.538676809297087,0.2218592894098974,128,75.11475532831493,2024-09
2024-09-30,1165.2962210225885,468.6292782371198,501.38960690138083,2135.3151061610893,9235.696224038558,110,58.92382117429345,2387.90773453555,252.59262837446067,10.577989455844287,0.23120239712987928,110,83.9608747639869,2024-09
